{"cameraMode":{"drawMode":0,"name":"Shaded","section":"Shading Mode"},"sceneLighting":true,"audioPlay":false,"sceneViewState":{"showFog":true,"showMaterialUpdate":false,"showSkybox":true,"showFlares":true,"showImageEffects":true,"showParticleSystems":true},"in2DMode":false,"pivot":{"x":474.3173522949219,"y":417.4608459472656,"z":544.3768920898438},"rotation":{"x":-0.20422814786434174,"y":0.44221001863479617,"z":-0.1041516363620758,"w":-0.8671180605888367},"size":22.0,"orthographic":false}