{"cameraMode":{"drawMode":0,"name":"Shaded","section":"Shading Mode"},"sceneLighting":true,"audioPlay":false,"sceneViewState":{"showFog":true,"showMaterialUpdate":false,"showSkybox":true,"showFlares":true,"showImageEffects":true,"showParticleSystems":true},"in2DMode":false,"pivot":{"x":459.14373779296877,"y":416.3512878417969,"z":539.8804321289063},"rotation":{"x":0.10510576516389847,"y":-0.005353042855858803,"z":0.0005881072138436139,"w":0.9944634437561035},"size":5.3808674812316898,"orthographic":true}