{"cameraMode":{"drawMode":0,"name":"Shaded","section":"Shading Mode"},"sceneLighting":true,"audioPlay":false,"sceneViewState":{"showFog":true,"showMaterialUpdate":false,"showSkybox":true,"showFlares":true,"showImageEffects":true,"showParticleSystems":true},"in2DMode":false,"pivot":{"x":321.6754455566406,"y":-0.8091831207275391,"z":457.7603454589844},"rotation":{"x":0.3211357891559601,"y":0.40563830733299258,"z":-0.15477429330348969,"w":0.8416672348976135},"size":16.034423828125,"orthographic":false}