{"cameraMode":{"drawMode":0,"name":"Shaded","section":"Shading Mode"},"sceneLighting":true,"audioPlay":false,"sceneViewState":{"showFog":true,"showMaterialUpdate":false,"showSkybox":true,"showFlares":true,"showImageEffects":true,"showParticleSystems":true},"in2DMode":false,"pivot":{"x":447.1004638671875,"y":420.31646728515627,"z":435.5852966308594},"rotation":{"x":-0.0029642193112522365,"y":0.153885617852211,"z":0.0004618054663296789,"w":0.9880849719047546},"size":3.0976791381835939,"orthographic":false}